Read Name,Allele,PS
E00535:291:HK2CVCCXY:3:1112:30837:13879,A,107524148
E00535:291:HK2CVCCXY:3:2204:22841:53856,A,107524148
E00535:291:HK2CVCCXY:3:2113:2747:38280,A,
E00535:291:HK2CVCCXY:3:1113:8349:57301,A,107524623
E00535:291:HK2CVCCXY:3:1217:23125:25411,A,107524623
E00535:291:HK2CVCCXY:3:2102:15240:3243,A,107524623
E00535:291:HK2CVCCXY:3:2102:15432:3471,A,107524623
E00535:291:HK2CVCCXY:3:2102:15463:3489,A,107524623
E00535:291:HK2CVCCXY:3:2204:5690:39616,G,107524623
E00535:291:HK2CVCCXY:3:2107:21237:66091,G,107524148
E00535:291:HK2CVCCXY:3:1218:18030:51852,A,
E00535:291:HK2CVCCXY:3:2119:29092:23724,A,107524148
E00535:291:HK2CVCCXY:3:2106:13565:30052,A,
E00535:291:HK2CVCCXY:3:2104:22516:23161,A,107524623
E00535:291:HK2CVCCXY:3:1119:20405:29841,A,107524623
E00535:291:HK2CVCCXY:3:1119:20192:29859,A,107524623
E00535:291:HK2CVCCXY:3:2123:4726:11505,A,
E00535:291:HK2CVCCXY:3:2118:32512:73106,A,
E00535:291:HK2CVCCXY:3:2111:27955:8640,A,107524623
E00535:291:HK2CVCCXY:3:2111:28107:8868,A,107524623
E00535:291:HK2CVCCXY:3:2203:31588:7444,A,107524623
E00535:291:HK2CVCCXY:3:1107:5193:25956,A,107524623
E00535:291:HK2CVCCXY:3:2203:8389:39616,G,107524623
E00535:291:HK2CVCCXY:3:2101:31720:36856,G,107524623
E00535:291:HK2CVCCXY:3:1207:15057:35696,A,107524148
E00535:291:HK2CVCCXY:3:2118:32522:72877,A,
E00535:291:HK2CVCCXY:3:1119:2443:64615,A,107524623
E00535:291:HK2CVCCXY:3:1119:2422:64755,A,107524623
E00535:291:HK2CVCCXY:3:1211:32146:34500,G,
E00535:291:HK2CVCCXY:3:1211:32228:34781,G,
E00535:291:HK2CVCCXY:3:2114:30431:4843,G,107524623
E00535:291:HK2CVCCXY:3:2216:7649:7040,A,107524148
E00535:291:HK2CVCCXY:3:1203:25428:32988,G,107524148
E00535:291:HK2CVCCXY:3:1203:25357:33006,G,107524148
E00535:291:HK2CVCCXY:3:1114:20314:59218,A,107524148
E00535:291:HK2CVCCXY:3:1101:15321:62593,G,107524148
E00535:291:HK2CVCCXY:3:2114:7578:38948,A,107524623
E00535:291:HK2CVCCXY:3:1220:16569:4632,A,107524148
E00535:291:HK2CVCCXY:3:1208:6492:66918,G,107524148
E00535:291:HK2CVCCXY:3:1208:6624:67638,G,107524148
E00535:291:HK2CVCCXY:3:2210:6451:59007,A,107524623
E00535:291:HK2CVCCXY:3:2212:5203:3999,G,107524623
E00535:291:HK2CVCCXY:3:2224:29072:38631,A,107524623
E00535:291:HK2CVCCXY:3:1210:13088:9712,A,107524148
E00535:291:HK2CVCCXY:3:2109:31619:41110,G,107524148
E00535:291:HK2CVCCXY:3:1102:29894:67621,A,
E00535:291:HK2CVCCXY:3:2111:32086:1977,G,107524148
E00535:291:HK2CVCCXY:3:2224:30553:57794,G,107524148
E00535:291:HK2CVCCXY:3:1208:31477:38614,A,107525003
E00535:291:HK2CVCCXY:3:2220:16315:6935,A,
E00535:291:HK2CVCCXY:3:2123:4726:11505,A,
