Read Name,Allele,PS,Quality,Mapping Quality
E00535:291:HK2CVCCXY:3:1221:25185:9255,C,107524148,A,60
E00535:291:HK2CVCCXY:3:1221:26281:9572,C,107524148,A,60
E00535:291:HK2CVCCXY:3:1221:26332:9660,C,107524148,A,60
E00535:291:HK2CVCCXY:3:2110:2798:20120,G,107524148,<,60
E00535:291:HK2CVCCXY:3:2220:28777:72367,G,107524623,F,60
E00535:291:HK2CVCCXY:3:1119:9211:67199,G,107524148,J,60
E00535:291:HK2CVCCXY:3:1119:9069:67515,G,107524148,J,60
E00535:291:HK2CVCCXY:3:1119:8400:68359,G,107524148,J,60
E00535:291:HK2CVCCXY:3:2109:31619:41110,G,107524148,),60
E00535:291:HK2CVCCXY:3:2121:9709:41620,G,107524148,J,60
E00535:291:HK2CVCCXY:3:2224:25794:63015,G,107524148,J,60
E00535:291:HK2CVCCXY:3:2210:25296:66513,C,107524148,J,60
E00535:291:HK2CVCCXY:3:1108:11830:69027,C,107524623,J,60
E00535:291:HK2CVCCXY:3:1220:6086:38614,G,107524623,A,60
E00535:291:HK2CVCCXY:3:2223:25449:71946,C,107524148,J,60
E00535:291:HK2CVCCXY:3:2117:25266:48248,C,107524148,F,60
E00535:291:HK2CVCCXY:3:1223:26058:48037,G,107524148,J,60
E00535:291:HK2CVCCXY:3:2115:24251:50744,C,107524148,F,60
E00535:291:HK2CVCCXY:3:1122:3955:19276,C,107524148,J,60
E00535:291:HK2CVCCXY:3:1120:20192:57741,G,107524148,J,60
E00535:291:HK2CVCCXY:3:1213:5720:33656,G,107524623,A,60
E00535:291:HK2CVCCXY:3:1114:1661:4473,C,107524148,J,60
E00535:291:HK2CVCCXY:3:1114:1306:4491,C,107524148,J,60
E00535:291:HK2CVCCXY:3:2216:7649:7040,C,107524148,J,60
E00535:291:HK2CVCCXY:3:2204:22841:53856,C,107524148,J,60
E00535:291:HK2CVCCXY:3:1102:21937:50428,G,107524148,A,60
E00535:291:HK2CVCCXY:3:1203:28625:43694,C,107524148,J,60
E00535:291:HK2CVCCXY:3:2210:6999:19627,C,107524148,J,60
E00535:291:HK2CVCCXY:3:1224:12601:41989,G,107524148,J,60
E00535:291:HK2CVCCXY:3:1210:18091:22247,C,107524623,J,60
E00535:291:HK2CVCCXY:3:2212:3995:63085,G,107524148,J,60
E00535:291:HK2CVCCXY:3:2122:2057:68939,G,107524148,A,60
E00535:291:HK2CVCCXY:3:2207:9425:7620,C,107524148,J,60
E00535:291:HK2CVCCXY:3:2224:3031:41866,A,,-,60
E00535:291:HK2CVCCXY:3:2111:32086:1977,G,107524148,J,60
E00535:291:HK2CVCCXY:3:1101:15321:62593,G,107524148,J,60
E00535:291:HK2CVCCXY:3:2108:15219:64808,C,107524148,J,60
E00535:291:HK2CVCCXY:3:2204:9211:67832,G,107524623,J,60
E00535:291:HK2CVCCXY:3:1108:11870:18678,G,107524148,J,60
E00535:291:HK2CVCCXY:3:1104:32441:23829,C,107524148,A,60
E00535:291:HK2CVCCXY:3:1208:6492:66918,G,107524148,J,60
E00535:291:HK2CVCCXY:3:1208:6624:67638,G,107524148,J,60
E00535:291:HK2CVCCXY:3:1114:11820:63595,C,107524148,F,60
E00535:291:HK2CVCCXY:3:2122:31152:56827,G,107524148,J,60
E00535:291:HK2CVCCXY:3:2203:26129:10117,C,107524148,J,60
E00535:291:HK2CVCCXY:3:2124:15767:20190,C,107524623,J,60
E00535:291:HK2CVCCXY:3:2203:3559:32865,G,107524148,J,60
E00535:291:HK2CVCCXY:3:2114:9465:40214,G,107524623,J,60
E00535:291:HK2CVCCXY:3:1223:29406:50146,G,107524148,J,60
E00535:291:HK2CVCCXY:3:1214:12804:29894,G,107524148,J,60
E00535:291:HK2CVCCXY:3:2119:8866:29507,G,107524623,-,60
E00535:291:HK2CVCCXY:3:1223:10581:38491,G,107524148,J,60
E00535:291:HK2CVCCXY:3:2102:16275:26870,G,107524623,-,60
E00535:291:HK2CVCCXY:3:1214:28716:41356,C,107524148,J,60
E00535:291:HK2CVCCXY:3:1116:12307:19961,C,107524623,J,60
E00535:291:HK2CVCCXY:3:2117:7405:48353,C,107524623,J,60
E00535:291:HK2CVCCXY:3:1224:6786:8464,G,107524148,J,60
E00535:291:HK2CVCCXY:3:2123:2666:15566,C,107524148,J,60
E00535:291:HK2CVCCXY:3:1207:29366:59886,C,107524148,7,60
