Read Name,Allele 1,Allele 2,Quality 1,Quality 2,PS,Mapping Quality
E00535:291:HK2CVCCXY:3:1112:30837:13879/E00535:291:HK2CVCCXY:3:1113:8349:57301,A,T,A,A,107524148,60
E00535:291:HK2CVCCXY:3:2204:22841:53856/E00535:291:HK2CVCCXY:3:1113:8349:57301,A,T,F,A,107524148,60
E00535:291:HK2CVCCXY:3:2113:2747:38280/E00535:291:HK2CVCCXY:3:1113:8349:57301,A,T,J,A,107524623,60
E00535:291:HK2CVCCXY:3:1113:8349:57301,A,T,J,A,107524623,60
E00535:291:HK2CVCCXY:3:1217:23125:25411,A,T,J,J,107524623,60
E00535:291:HK2CVCCXY:3:2102:15240:3243/E00535:291:HK2CVCCXY:3:1113:8349:57301,A,T,J,A,107524623,60
E00535:291:HK2CVCCXY:3:2102:15432:3471/E00535:291:HK2CVCCXY:3:1113:8349:57301,A,T,J,A,107524623,60
E00535:291:HK2CVCCXY:3:2102:15463:3489/E00535:291:HK2CVCCXY:3:1113:8349:57301,A,T,J,A,107524623,60
E00535:291:HK2CVCCXY:3:2204:5690:39616/E00535:291:HK2CVCCXY:3:1113:8349:57301,A,T,J,A,107524623,60
E00535:291:HK2CVCCXY:3:2107:21237:66091/E00535:291:HK2CVCCXY:3:1113:8349:57301,A,T,J,A,107524148,60
E00535:291:HK2CVCCXY:3:1218:18030:51852/E00535:291:HK2CVCCXY:3:1113:8349:57301,A,T,A,A,107524623,60
E00535:291:HK2CVCCXY:3:2119:29092:23724/E00535:291:HK2CVCCXY:3:1113:8349:57301,A,T,J,A,107524148,60
E00535:291:HK2CVCCXY:3:2106:13565:30052/E00535:291:HK2CVCCXY:3:1113:8349:57301,A,T,J,A,107524623,60
E00535:291:HK2CVCCXY:3:2104:22516:23161/E00535:291:HK2CVCCXY:3:1113:8349:57301,A,T,J,A,107524623,60
E00535:291:HK2CVCCXY:3:1119:20405:29841,A,T,J,J,107524623,60
E00535:291:HK2CVCCXY:3:1119:20192:29859,A,T,J,J,107524623,60
E00535:291:HK2CVCCXY:3:2123:4726:11505/E00535:291:HK2CVCCXY:3:1113:8349:57301,A,T,J,A,107524623,60
E00535:291:HK2CVCCXY:3:2118:32512:73106/E00535:291:HK2CVCCXY:3:1113:8349:57301,A,T,J,A,107524623,60
E00535:291:HK2CVCCXY:3:2111:27955:8640,A,T,F,J,107524623,60
E00535:291:HK2CVCCXY:3:2111:28107:8868,A,T,F,A,107524623,60
E00535:291:HK2CVCCXY:3:2203:31588:7444,A,T,J,J,107524623,60
E00535:291:HK2CVCCXY:3:1107:5193:25956/E00535:291:HK2CVCCXY:3:1113:8349:57301,A,T,J,A,107524623,60
E00535:291:HK2CVCCXY:3:2203:8389:39616/E00535:291:HK2CVCCXY:3:1113:8349:57301,A,T,J,A,107524623,60
E00535:291:HK2CVCCXY:3:2101:31720:36856/E00535:291:HK2CVCCXY:3:1113:8349:57301,A,T,F,A,107524623,60
E00535:291:HK2CVCCXY:3:1207:15057:35696/E00535:291:HK2CVCCXY:3:1113:8349:57301,A,T,J,A,107524148,60
E00535:291:HK2CVCCXY:3:2118:32522:72877/E00535:291:HK2CVCCXY:3:1113:8349:57301,A,T,-,A,107524623,60
E00535:291:HK2CVCCXY:3:1119:2443:64615,A,T,J,J,107524623,60
E00535:291:HK2CVCCXY:3:1119:2422:64755,A,T,J,J,107524623,60
E00535:291:HK2CVCCXY:3:1211:32146:34500/E00535:291:HK2CVCCXY:3:1113:8349:57301,A,T,J,A,107524623,60
E00535:291:HK2CVCCXY:3:1211:32228:34781/E00535:291:HK2CVCCXY:3:1113:8349:57301,A,T,7,A,107524623,60
E00535:291:HK2CVCCXY:3:2114:30431:4843/E00535:291:HK2CVCCXY:3:1113:8349:57301,A,T,J,A,107524623,60
E00535:291:HK2CVCCXY:3:2216:7649:7040/E00535:291:HK2CVCCXY:3:1113:8349:57301,A,T,J,A,107524148,60
E00535:291:HK2CVCCXY:3:1203:25428:32988/E00535:291:HK2CVCCXY:3:1113:8349:57301,A,T,F,A,107524148,60
E00535:291:HK2CVCCXY:3:1203:25357:33006/E00535:291:HK2CVCCXY:3:1113:8349:57301,A,T,-,A,107524148,60
E00535:291:HK2CVCCXY:3:1114:20314:59218/E00535:291:HK2CVCCXY:3:1113:8349:57301,A,T,-,A,107524148,60
E00535:291:HK2CVCCXY:3:1101:15321:62593/E00535:291:HK2CVCCXY:3:1113:8349:57301,A,T,J,A,107524148,60
E00535:291:HK2CVCCXY:3:2114:7578:38948,A,T,J,J,107524623,60
E00535:291:HK2CVCCXY:3:1220:16569:4632/E00535:291:HK2CVCCXY:3:1113:8349:57301,A,T,J,A,107524148,60
E00535:291:HK2CVCCXY:3:1208:6492:66918/E00535:291:HK2CVCCXY:3:1113:8349:57301,A,T,J,A,107524148,60
E00535:291:HK2CVCCXY:3:1208:6624:67638/E00535:291:HK2CVCCXY:3:1113:8349:57301,A,T,J,A,107524148,60
E00535:291:HK2CVCCXY:3:2210:6451:59007/E00535:291:HK2CVCCXY:3:1113:8349:57301,A,T,J,A,107524623,60
E00535:291:HK2CVCCXY:3:2212:5203:3999,G,A,J,J,107524623,60
E00535:291:HK2CVCCXY:3:2224:29072:38631,A,T,J,J,107524623,60
E00535:291:HK2CVCCXY:3:1210:13088:9712/E00535:291:HK2CVCCXY:3:1113:8349:57301,A,T,J,A,107524148,60
E00535:291:HK2CVCCXY:3:2109:31619:41110/E00535:291:HK2CVCCXY:3:1113:8349:57301,A,T,J,A,107524148,60
E00535:291:HK2CVCCXY:3:1102:29894:67621/E00535:291:HK2CVCCXY:3:1113:8349:57301,A,T,J,A,107524623,60
E00535:291:HK2CVCCXY:3:2111:32086:1977/E00535:291:HK2CVCCXY:3:1113:8349:57301,A,T,A,A,107524148,60
E00535:291:HK2CVCCXY:3:2224:30553:57794/E00535:291:HK2CVCCXY:3:1113:8349:57301,A,T,A,A,107524148,60
E00535:291:HK2CVCCXY:3:1208:31477:38614/E00535:291:HK2CVCCXY:3:1113:8349:57301,A,T,J,A,107525003,60
E00535:291:HK2CVCCXY:3:2220:16315:6935/E00535:291:HK2CVCCXY:3:1113:8349:57301,A,T,F,A,107524623,60
E00535:291:HK2CVCCXY:3:1201:28879:41602/E00535:291:HK2CVCCXY:3:1112:30837:13879,A,A,A,J,107524623,60
E00535:291:HK2CVCCXY:3:1214:12804:29894/E00535:291:HK2CVCCXY:3:1113:8349:57301,A,T,J,A,107524148,60
E00535:291:HK2CVCCXY:3:2105:3610:42939/E00535:291:HK2CVCCXY:3:1113:8349:57301,A,T,J,A,107524148,60
E00535:291:HK2CVCCXY:3:2206:22952:65019/E00535:291:HK2CVCCXY:3:1112:30837:13879,A,T,A,J,107524623,60
E00535:291:HK2CVCCXY:3:2224:3031:41866/E00535:291:HK2CVCCXY:3:1113:8349:57301,A,T,J,A,107524623,60
E00535:291:HK2CVCCXY:3:1224:12601:41989/E00535:291:HK2CVCCXY:3:1113:8349:57301,A,T,J,A,107524148,60
E00535:291:HK2CVCCXY:3:1117:7760:21614/E00535:291:HK2CVCCXY:3:1113:8349:57301,A,T,J,A,107525003,60
E00535:291:HK2CVCCXY:3:2108:15219:64808/E00535:291:HK2CVCCXY:3:1113:8349:57301,A,T,J,A,107524148,60
E00535:291:HK2CVCCXY:3:1219:8268:34307/E00535:291:HK2CVCCXY:3:1113:8349:57301,A,T,J,A,107524623,60
E00535:291:HK2CVCCXY:3:1219:8227:34342/E00535:291:HK2CVCCXY:3:1113:8349:57301,A,T,J,A,107524623,60
E00535:291:HK2CVCCXY:3:2121:3407:18608/E00535:291:HK2CVCCXY:3:1113:8349:57301,A,T,J,A,107524623,60
E00535:291:HK2CVCCXY:3:2111:7527:48740/E00535:291:HK2CVCCXY:3:1113:8349:57301,A,T,J,A,107524623,60
E00535:291:HK2CVCCXY:3:2220:19948:29543/E00535:291:HK2CVCCXY:3:1112:30837:13879,A,A,A,J,107525003,60
E00535:291:HK2CVCCXY:3:2218:30827:30808/E00535:291:HK2CVCCXY:3:1112:30837:13879,A,A,A,F,107524623,60
E00535:291:HK2CVCCXY:3:1220:6086:38614/E00535:291:HK2CVCCXY:3:1112:30837:13879,A,A,A,J,107524623,60
E00535:291:HK2CVCCXY:3:2204:9211:67832/E00535:291:HK2CVCCXY:3:1112:30837:13879,A,A,A,J,107524623,60
E00535:291:HK2CVCCXY:3:2104:14560:48089/E00535:291:HK2CVCCXY:3:1112:30837:13879,A,A,A,J,107525003,60
E00535:291:HK2CVCCXY:3:2110:11809:56053/E00535:291:HK2CVCCXY:3:1112:30837:13879,A,A,A,J,107524623,60
E00535:291:HK2CVCCXY:3:2114:24282:35326/E00535:291:HK2CVCCXY:3:1112:30837:13879,A,T,A,J,107524623,60
E00535:291:HK2CVCCXY:3:1210:18091:22247/E00535:291:HK2CVCCXY:3:1112:30837:13879,A,T,A,J,107524623,60
E00535:291:HK2CVCCXY:3:2115:28057:61661/E00535:291:HK2CVCCXY:3:1112:30837:13879,A,A,A,J,107524623,60
E00535:291:HK2CVCCXY:3:2223:1712:19047/E00535:291:HK2CVCCXY:3:1112:30837:13879,A,A,A,J,107524623,60
E00535:291:HK2CVCCXY:3:1114:10561:16234/E00535:291:HK2CVCCXY:3:1112:30837:13879,A,A,A,J,107524623,60
E00535:291:HK2CVCCXY:3:1220:23338:45576/E00535:291:HK2CVCCXY:3:1112:30837:13879,A,A,A,J,107524623,60
E00535:291:HK2CVCCXY:3:1214:24160:30334/E00535:291:HK2CVCCXY:3:1112:30837:13879,A,T,A,J,107524623,60
E00535:291:HK2CVCCXY:3:2119:8866:29507/E00535:291:HK2CVCCXY:3:1112:30837:13879,A,A,A,A,107524623,60
E00535:291:HK2CVCCXY:3:2221:30015:71594/E00535:291:HK2CVCCXY:3:1112:30837:13879,A,A,A,A,107525003,60
E00535:291:HK2CVCCXY:3:1108:11830:69027/E00535:291:HK2CVCCXY:3:1112:30837:13879,A,T,A,J,107524623,60
E00535:291:HK2CVCCXY:3:2206:23886:62769/E00535:291:HK2CVCCXY:3:1112:30837:13879,A,A,A,J,107524623,60
E00535:291:HK2CVCCXY:3:2202:22424:64070/E00535:291:HK2CVCCXY:3:1112:30837:13879,A,A,A,J,107524623,60
E00535:291:HK2CVCCXY:3:2117:7405:48353/E00535:291:HK2CVCCXY:3:1112:30837:13879,A,T,A,J,107524623,60
E00535:291:HK2CVCCXY:3:1103:1529:60923/E00535:291:HK2CVCCXY:3:1112:30837:13879,A,T,A,J,107524623,60
E00535:291:HK2CVCCXY:3:1103:26768:56088/E00535:291:HK2CVCCXY:3:1112:30837:13879,A,T,A,J,107525003,60
E00535:291:HK2CVCCXY:3:2220:28777:72367/E00535:291:HK2CVCCXY:3:1112:30837:13879,A,A,A,-,107524623,60
E00535:291:HK2CVCCXY:3:1213:5720:33656/E00535:291:HK2CVCCXY:3:1112:30837:13879,A,A,A,<,107524623,60
E00535:291:HK2CVCCXY:3:1102:28361:32689/E00535:291:HK2CVCCXY:3:1112:30837:13879,A,A,A,J,107524623,60
E00535:291:HK2CVCCXY:3:1222:26839:36346/E00535:291:HK2CVCCXY:3:1112:30837:13879,A,T,A,A,107525003,60
E00535:291:HK2CVCCXY:3:1112:29812:72156/E00535:291:HK2CVCCXY:3:1112:30837:13879,A,A,A,F,107525003,60
